id,cluster,entropy,turbulence,transitions
1,type 1,0.21695679408822,3.16220118545164,2
2,type 1,0.162488237864537,3,2
3,type 1,0.162488237864537,3,2
4,type 1,0.181432261960644,2.44214272944144,1
5,type 1,0.21695679408822,3.16220118545164,2
6,type 1,0.21695679408822,3.16220118545164,2
7,type 2,0.542750918624139,5.36055486039397,3
8,type 1,0.350328974383813,3.70968898075413,2
9,type 1,0.21695679408822,3.16220118545164,2
10,type 3,0.427663107552391,4.63523570720238,3
11,type 1,0.242746981237189,4,3
12,type 3,0.381116455864281,3.90578465838235,2
13,type 1,0.0815649357620124,2,1
14,type 1,0.0815649357620124,2,1
15,type 1,0.427663107552391,4.63523570720238,3
16,type 3,0.339855679587503,4.30021195470333,3
17,type 1,0.136698050715568,2.21266088331867,1
18,type 1,0.162488237864537,3,2
19,type 1,0.443718949722753,4.6528835730218,3
20,type 1,0.136698050715568,2.21266088331867,1
21,type 3,0.298009650268171,3.5032381032867,2
22,type 1,0.21695679408822,3.16220118545164,2
23,type 1,0.136698050715568,2.21266088331867,1
24,type 1,0.219155792935046,2.69131448189349,1
25,type 1,0.21695679408822,3.16220118545164,2
26,type 2,0.512524277171969,5.27547917220044,2
27,type 3,0.356650471575569,3.71937153415147,2
28,type 1,0.21695679408822,3.16220118545164,2
29,type 1,0.162488237864537,3,2
30,type 1,0.162488237864537,3,2
31,type 2,0.0815649357620124,2,1
32,type 1,0.162488237864537,3,2
33,type 1,0.136698050715568,2.21266088331867,1
34,type 1,0.162488237864537,3,2
35,type 1,0.21695679408822,3.16220118545164,2
36,type 3,0.532030683290648,5.19627958101732,3
37,type 1,0.162488237864537,3,2
38,type 3,0.314065492438533,3.52006272592806,2
39,type 3,0.298009650268171,3.5032381032867,2
40,type 1,0.270736167232985,3.33750089880782,2
41,type 3,0.298009650268171,3.5032381032867,2
42,type 1,0.21695679408822,3.16220118545164,2
43,type 1,0.0815649357620124,2,1
44,type 1,0.162488237864537,3,2
45,type 1,0.21695679408822,3.16220118545164,2
46,type 1,0.0815649357620124,2,1
47,type 1,0.21695679408822,3.16220118545164,2
48,type 1,0.270736167232985,3.33750089880782,2
49,type 1,0.0815649357620124,2,1
50,type 3,0.426817568262608,5.21195525286223,4
51,type 1,0.21695679408822,3.16220118545164,2
52,type 3,0.483027986867953,4.96927348436774,3
53,type 1,0.270736167232985,3.33750089880782,2
54,type 1,0.162488237864537,3,2
55,type 3,0.601909348681752,5.94189704543643,3
56,type 1,0.21695679408822,3.16220118545164,2
57,type 1,0.21695679408822,3.16220118545164,2
58,type 3,0.433984604744146,4.64403265543954,3
59,type 1,0.162488237864537,3,2
60,type 3,0.46866359758194,6.15764667166388,5
61,type 1,0.136698050715568,2.21266088331867,1
62,type 1,0.0815649357620124,2,1
63,type 1,0.181432261960644,2.44214272944144,1
64,type 3,0.483027986867953,4.96927348436774,3
65,type 1,0.270736167232985,3.33750089880782,2
66,type 1,0.270736167232985,3.33750089880782,2
67,type 1,0.181432261960644,2.44214272944144,1
68,type 1,0.162488237864537,3,2
69,type 3,0.548797001844277,5.66690411425733,2
70,type 3,0.392175003703145,4.46970247487723,3
71,type 1,0.162488237864537,3,2
72,type 1,0.162488237864537,3,2
73,type 3,0.42211694589383,4.1457880955608,2
74,type 1,0.21695679408822,3.16220118545164,2
75,type 1,0.270736167232985,3.33750089880782,2
76,type 3,0.350328974383813,3.70968898075413,2
77,type 1,0.162488237864537,3,2
78,type 1,0.21695679408822,3.16220118545164,2
79,type 1,0.21695679408822,3.16220118545164,2
80,type 1,0.21695679408822,3.16220118545164,2
81,type 1,0.242746981237189,4,3
82,type 1,0.270736167232985,3.33750089880782,2
83,type 3,0.298009650268171,3.5032381032867,2
84,type 1,0.181432261960644,2.44214272944144,1
85,type 1,0.21695679408822,3.16220118545164,2
86,type 4,0,1,0
87,type 1,0.270736167232985,3.33750089880782,2
88,type 1,0.162488237864537,3,2
89,type 1,0.162488237864537,3,2
90,type 1,0.298009650268171,3.5032381032867,2
91,type 1,0.21695679408822,3.16220118545164,2
92,type 1,0.0815649357620124,2,1
93,type 1,0.0815649357620124,2,1
94,type 1,0.136698050715568,2.21266088331867,1
95,type 4,0,1,0
96,type 4,0,1,0
97,type 1,0.270736167232985,3.33750089880782,2
98,type 1,0.219155792935046,2.69131448189349,1
99,type 1,0.270736167232985,3.33750089880782,2
100,type 3,0.376119161532783,4.45414766068238,3
101,type 3,0.392175003703145,4.46970247487723,3
102,type 3,0.356650471575569,3.71937153415147,2
103,type 3,0.350328974383813,3.70968898075413,2
104,type 1,0.0815649357620124,2,1
105,type 1,0.350328974383813,3.70968898075413,2
106,type 1,0.0815649357620124,2,1
107,type 1,0.0815649357620124,2,1
108,type 1,0.136698050715568,2.21266088331867,1
109,type 1,0.136698050715568,2.21266088331867,1
110,type 4,0,1,0
111,type 4,0,1,0
112,type 4,0,1,0
113,type 1,0.162488237864537,3,2
114,type 1,0.162488237864537,3,2
115,type 4,0,1,0
116,type 1,0.0815649357620124,2,1
117,type 3,0.483027986867953,4.96927348436774,3
118,type 1,0.314065492438533,3.52006272592806,2
119,type 3,0.570368462392231,5.43493705671655,3
120,type 1,0.21695679408822,3.16220118545164,2
121,type 1,0.0815649357620124,2,1
122,type 4,0,1,0
123,type 3,0.314065492438533,3.52006272592806,2
124,type 1,0.136698050715568,2.21266088331867,1
125,type 1,0.0815649357620124,2,1
126,type 1,0.21695679408822,3.16220118545164,2
127,type 1,0.181432261960644,2.44214272944144,1
128,type 1,0.136698050715568,2.21266088331867,1
129,type 1,0.181432261960644,2.44214272944144,1
130,type 1,0.136698050715568,2.21266088331867,1
131,type 1,0.0815649357620124,2,1
132,type 1,0.0815649357620124,2,1
133,type 1,0.136698050715568,2.21266088331867,1
134,type 2,0.531155668506185,5.45795722398584,2
135,type 1,0.162488237864537,3,2
136,type 3,0.251462998580061,2.96384033670458,1
137,type 1,0.162488237864537,3,2
138,type 1,0.314065492438533,3.52006272592806,2
139,type 1,0.270736167232985,3.33750089880782,2
140,type 1,0.136698050715568,2.21266088331867,1
141,type 1,0.162488237864537,3,2
142,type 1,0.162488237864537,3,2
143,type 3,0.339855679587503,4.30021195470333,3
144,type 1,0.162488237864537,3,2
145,type 1,0.261001822254378,3.33006430996604,2
146,type 4,0.32365681966673,3.97819562968165,1
147,type 2,0.489585053158471,5.19627958101732,3
148,type 1,0.21695679408822,3.16220118545164,2
149,type 3,0.261001822254378,3.33006430996604,2
150,type 1,0.0815649357620124,2,1
151,type 3,0.329572509844673,3.68102522250199,2
152,type 4,0.181432261960644,2.44214272944144,1
153,type 1,0.162488237864537,3,2
154,type 1,0.21695679408822,3.16220118545164,2
155,type 1,0.219155792935046,2.69131448189349,1
156,type 1,0.21695679408822,3.16220118545164,2
157,type 1,0.136698050715568,2.21266088331867,1
158,type 1,0.0815649357620124,2,1
159,type 3,0.350328974383813,3.70968898075413,2
160,type 4,0,1,0
161,type 1,0.0815649357620124,2,1
162,type 1,0.136698050715568,2.21266088331867,1
163,type 1,0.21695679408822,3.16220118545164,2
164,type 1,0.270736167232985,3.33750089880782,2
165,type 1,0.0815649357620124,2,1
166,type 1,0.0815649357620124,2,1
167,type 1,0.136698050715568,2.21266088331867,1
168,type 1,0.0815649357620124,2,1
169,type 3,0.379731334537302,4.04494740605398,2
170,type 1,0.21695679408822,3.16220118545164,2
171,type 1,0.162488237864537,3,2
172,type 1,0.350328974383813,3.70968898075413,2
173,type 1,0.136698050715568,2.21266088331867,1
174,type 1,0.21695679408822,3.16220118545164,2
175,type 1,0.261001822254378,3.33006430996604,2
176,type 1,0.296526354381955,4.14855654050828,3
177,type 2,0.520937054854909,5.45795722398584,2
178,type 3,0.530742908708721,5.20927692154619,3
179,type 1,0.426817568262608,4.15890359535106,2
180,type 1,0.21695679408822,3.16220118545164,2
181,type 3,0.261001822254378,3.33006430996604,2
182,type 2,0.563476167149272,6.05104760559039,2
183,type 2,0,1,0
184,type 2,0.49776067080114,5.58536588253306,3
185,type 1,0.181432261960644,2.44214272944144,1
186,type 1,0.21695679408822,3.16220118545164,2
187,type 1,0.0815649357620124,2,1
188,type 3,0.392175003703145,4.46970247487723,3
189,type 1,0.0815649357620124,2,1
190,type 1,0.251462998580061,2.96384033670458,1
191,type 2,0.512524277171969,5.27547917220044,2
192,type 1,0.0815649357620124,2,1
193,type 1,0.136698050715568,2.21266088331867,1
194,type 2,0.659811220171447,7.92481250360578,5
195,type 4,0.181432261960644,2.44214272944144,1
196,type 1,0.0815649357620124,2,1
197,type 4,0.0815649357620124,2,1
198,type 1,0.0815649357620124,2,1
199,type 1,0.162488237864537,3,2
200,type 1,0.21695679408822,3.16220118545164,2
201,type 3,0.433984604744146,4.64403265543954,3
202,type 1,0.392138575424814,3.92806610575836,2
203,type 1,0.356614043297238,3.86222829239561,2
204,type 1,0.136698050715568,2.21266088331867,1
205,type 1,0.136698050715568,2.21266088331867,1
206,type 1,0.136698050715568,2.21266088331867,1
207,type 1,0.21695679408822,3.16220118545164,2
208,type 3,0.392175003703145,4.46970247487723,3
209,type 2,0.385611641059996,8.62205181945638,1
210,type 1,0.0815649357620124,2,1
211,type 1,0.0815649357620124,2,1
212,type 1,0.136698050715568,2.21266088331867,1
213,type 1,0.162488237864537,3,2
214,type 1,0.0815649357620124,2,1
215,type 1,0.162488237864537,3,2
216,type 4,0.0815649357620124,2,1
217,type 2,0.32365681966673,3.97819562968165,1
218,type 1,0.136698050715568,2.21266088331867,1
219,type 1,0.0815649357620124,2,1
220,type 3,0.261001822254378,3.33006430996604,2
221,type 1,0.136698050715568,2.21266088331867,1
222,type 4,0.381877019143138,7.30012372456901,1
223,type 1,0.0815649357620124,2,1
224,type 1,0.0815649357620124,2,1
225,type 1,0.136698050715568,2.21266088331867,1
226,type 1,0.162488237864537,3,2
227,type 1,0.0815649357620124,2,1
228,type 1,0.350328974383813,3.70968898075413,2
229,type 1,0.136698050715568,2.21266088331867,1
230,type 3,0.46866359758194,5.52508639951243,4
231,type 2,0.486676403753567,4.83565857199171,2
232,type 4,0,1,0
233,type 1,0.457641478021406,4.80242262651537,3
234,type 1,0.303206312380177,3.59968400642792,1
235,type 3,0.483027986867953,4.96927348436774,3
236,type 2,0.32365681966673,3.97819562968165,1
237,type 1,0.162488237864537,3,2
238,type 1,0.32365681966673,3.97819562968165,1
239,type 1,0.0815649357620124,2,1
240,type 1,0.162488237864537,3,2
241,type 1,0.0815649357620124,2,1
242,type 1,0.0815649357620124,2,1
243,type 1,0.296526354381955,4.14855654050828,3
244,type 1,0.136698050715568,2.21266088331867,1
245,type 2,0.57466028880996,6.44183755862256,2
246,type 3,0.356650471575569,3.71937153415147,2
247,type 1,0.162488237864537,3,2
248,type 2,0.507765968533758,4.96790637029015,2
249,type 1,0.21695679408822,3.16220118545164,2
250,type 1,0.136698050715568,2.21266088331867,1
251,type 1,0.136698050715568,2.21266088331867,1
252,type 3,0.447503454740376,4.37144823073116,2
253,type 1,0.21695679408822,3.16220118545164,2
254,type 1,0.279279910128661,3.26449981483829,1
255,type 1,0.261001822254378,3.33006430996604,2
256,type 3,0.427663107552391,4.63523570720238,3
257,type 2,0.379731334537302,4.04494740605398,2
258,type 2,0.452630699318705,4.92246339952898,2
259,type 4,0,1,0
260,type 4,0,1,0
261,type 3,0.457641478021406,4.80242262651537,3
262,type 2,0.531155668506185,5.45795722398584,2
263,type 3,0.350328974383813,3.70968898075413,2
264,type 1,0.0815649357620124,2,1
265,type 2,0.512524277171969,5.27547917220044,2
266,type 1,0.0815649357620124,2,1
267,type 1,0.21695679408822,3.16220118545164,2
268,type 1,0.0815649357620124,2,1
269,type 1,0.0815649357620124,2,1
270,type 1,0.162488237864537,3,2
271,type 4,0,1,0
272,type 3,0.447503454740376,4.37144823073116,2
273,type 3,0.447503454740376,4.37144823073116,2
274,type 1,0.136698050715568,2.21266088331867,1
275,type 3,0.443718949722753,4.6528835730218,3
276,type 3,0.392138575424814,3.92806610575836,2
277,type 1,0.314065492438533,3.52006272592806,2
278,type 1,0.261001822254378,3.33006430996604,2
279,type 1,0.181432261960644,2.44214272944144,1
280,type 1,0.0815649357620124,2,1
281,type 1,0.0815649357620124,2,1
282,type 3,0.40690664301325,4.60916219559249,3
283,type 3,0.350328974383813,3.70968898075413,2
284,type 1,0.21695679408822,3.16220118545164,2
285,type 1,0.21695679408822,3.16220118545164,2
286,type 1,0.21695679408822,3.16220118545164,2
287,type 1,0.270736167232985,3.33750089880782,2
288,type 1,0.21695679408822,3.16220118545164,2
289,type 1,0.21695679408822,3.16220118545164,2
290,type 1,0.136698050715568,2.21266088331867,1
291,type 1,0.21695679408822,3.16220118545164,2
292,type 1,0.136698050715568,2.21266088331867,1
293,type 4,0,1,0
294,type 3,0.356650471575569,3.71937153415147,2
295,type 1,0.0815649357620124,2,1
296,type 3,0.314065492438533,3.52006272592806,2
297,type 1,0.162488237864537,3,2
298,type 4,0,1,0
299,type 4,0,1,0
300,type 4,0,1,0
301,type 2,0.386852807234542,9.62205181945638,1
302,type 1,0.136698050715568,2.21266088331867,1
303,type 3,0.314065492438533,3.52006272592806,2
304,type 1,0.270736167232985,3.33750089880782,2
305,type 3,0.637502648996289,6.42732387260667,3
306,type 1,0.136698050715568,2.21266088331867,1
307,type 3,0.279279910128661,3.26449981483829,1
308,type 1,0.270736167232985,3.33750089880782,2
309,type 1,0.0815649357620124,2,1
310,type 1,0.0815649357620124,2,1
311,type 1,0.261001822254378,3.33006430996604,2
312,type 1,0.162488237864537,3,2
313,type 1,0.0815649357620124,2,1
314,type 1,0.136698050715568,2.21266088331867,1
315,type 3,0.329572509844673,3.68102522250199,2
316,type 1,0.0815649357620124,2,1
317,type 1,0.0815649357620124,2,1
318,type 4,0,1,0
319,type 1,0.21695679408822,3.16220118545164,2
320,type 1,0.21695679408822,3.16220118545164,2
321,type 1,0.21695679408822,3.16220118545164,2
322,type 1,0.21695679408822,3.16220118545164,2
323,type 1,0.21695679408822,3.16220118545164,2
324,type 1,0.136698050715568,2.21266088331867,1
325,type 1,0.162488237864537,3,2
326,type 2,0.399335928229289,4.22633152287135,2
327,type 1,0.0815649357620124,2,1
328,type 1,0.21695679408822,3.16220118545164,2
329,type 3,0.350328974383813,3.70968898075413,2
330,type 3,0.392175003703145,4.46970247487723,3
331,type 1,0.21695679408822,3.16220118545164,2
332,type 1,0.0815649357620124,2,1
333,type 1,0.219155792935046,2.69131448189349,1
334,type 1,0.392175003703145,4.46970247487723,3
335,type 2,0.392138575424814,3.92806610575836,2
336,type 1,0.136698050715568,2.21266088331867,1
337,type 1,0.21695679408822,3.16220118545164,2
338,type 3,0.339855679587503,4.30021195470333,3
339,type 3,0.356650471575569,3.71937153415147,2
340,type 3,0.356650471575569,3.71937153415147,2
341,type 1,0.162488237864537,3,2
342,type 3,0.356614043297238,3.86222829239561,2
343,type 3,0.356614043297238,3.86222829239561,2
344,type 1,0.181432261960644,2.44214272944144,1
345,type 1,0.21695679408822,3.16220118545164,2
346,type 4,0,1,0
347,type 2,0.555362696993642,5.91132284192378,2
348,type 1,0.162488237864537,3,2
349,type 1,0.162488237864537,3,2
350,type 3,0.350328974383813,3.70968898075413,2
351,type 1,0.270736167232985,3.33750089880782,2
352,type 1,0.21695679408822,3.16220118545164,2
353,type 1,0.21695679408822,3.16220118545164,2
354,type 1,0.162488237864537,3,2
355,type 2,0.596143220855843,7.54137323217347,2
356,type 1,0.136698050715568,2.21266088331867,1
357,type 3,0.314065492438533,3.52006272592806,2
358,type 1,0.270736167232985,3.33750089880782,2
359,type 1,0.0815649357620124,2,1
360,type 1,0.21695679408822,3.16220118545164,2
361,type 1,0.21695679408822,3.16220118545164,2
362,type 1,0.21695679408822,3.16220118545164,2
363,type 1,0.136698050715568,2.21266088331867,1
364,type 1,0.162488237864537,3,2
365,type 1,0.162488237864537,3,2
366,type 3,0.350328974383813,3.70968898075413,2
367,type 1,0.21695679408822,3.16220118545164,2
368,type 2,0.379731334537302,4.04494740605398,2
369,type 1,0.136698050715568,2.21266088331867,1
370,type 1,0.350328974383813,3.70968898075413,2
371,type 1,0.401909348681752,4.47754322809441,3
372,type 2,0.541431928028205,5.70487196445635,2
373,type 3,0.407348878305394,4.10714216766132,2
374,type 3,0.261001822254378,3.33006430996604,2
375,type 4,0,1,0
376,type 1,0.162488237864537,3,2
377,type 1,0.0815649357620124,2,1
378,type 1,0.136698050715568,2.21266088331867,1
379,type 1,0.270736167232985,3.33750089880782,2
380,type 1,0.162488237864537,3,2
381,type 1,0.0815649357620124,2,1
382,type 1,0.0815649357620124,2,1
383,type 1,0.21695679408822,3.16220118545164,2
384,type 1,0.181432261960644,2.44214272944144,1
385,type 1,0.314065492438533,3.52006272592806,2
386,type 1,0.270736167232985,3.33750089880782,2
387,type 3,0.356650471575569,3.71937153415147,2
388,type 1,0.0815649357620124,2,1
389,type 1,0.21695679408822,3.16220118545164,2
390,type 3,0.381116455864281,3.90578465838235,2
391,type 4,0,1,0
392,type 1,0.162488237864537,3,2
393,type 4,0,1,0
394,type 1,0.314065492438533,3.52006272592806,2
395,type 1,0.162488237864537,3,2
396,type 2,0.64084672859618,6.12681476135422,3
397,type 2,0.355245321275764,4.92161210131528,1
398,type 2,0.485707906806919,5.06332593536883,2
399,type 2,0.641475212916816,6.00849479416546,3
400,type 1,0.0815649357620124,2,1
401,type 1,0.181432261960644,2.44214272944144,1
402,type 1,0.162488237864537,3,2
403,type 1,0.162488237864537,3,2
404,type 1,0.136698050715568,2.21266088331867,1
405,type 1,0.270736167232985,3.33750089880782,2
406,type 3,0.507765968533758,4.96790637029015,2
407,type 1,0.355245321275764,4.92161210131528,1
408,type 1,0.136698050715568,2.21266088331867,1
409,type 1,0.181432261960644,2.44214272944144,1
410,type 3,0.279279910128661,3.26449981483829,1
411,type 4,0.375614963150836,6.30012372456901,1
412,type 1,0.21695679408822,3.16220118545164,2
413,type 1,0.261001822254378,3.33006430996604,2
414,type 1,0.21695679408822,3.16220118545164,2
415,type 1,0.0815649357620124,2,1
416,type 3,0.298009650268171,3.5032381032867,2
417,type 3,0.339855679587503,4.30021195470333,3
418,type 1,0.564475467872424,6.20577020038903,2
419,type 3,0.261001822254378,3.33006430996604,2
420,type 1,0.181432261960644,2.44214272944144,1
421,type 1,0.21695679408822,3.16220118545164,2
422,type 1,0.162488237864537,3,2
423,type 4,0,1,0
424,type 1,0.136698050715568,2.21266088331867,1
425,type 1,0.270736167232985,3.33750089880782,2
426,type 1,0.0815649357620124,2,1
427,type 1,0.21695679408822,3.16220118545164,2
428,type 1,0.21695679408822,3.16220118545164,2
429,type 1,0.162488237864537,3,2
430,type 3,0.46866359758194,4.82225379843694,3
431,type 1,0.21695679408822,3.16220118545164,2
432,type 2,0.559559120980473,5.52957393085462,3
433,type 2,0.554428225871649,6.10080064078749,2
434,type 1,0.0815649357620124,2,1
435,type 1,0.21695679408822,3.16220118545164,2
436,type 1,0.0815649357620124,2,1
437,type 1,0.136698050715568,2.21266088331867,1
438,type 1,0.0815649357620124,2,1
439,type 1,0.0815649357620124,2,1
440,type 1,0.261001822254378,3.33006430996604,2
441,type 4,0,1,0
442,type 4,0,1,0
443,type 1,0.162488237864537,3,2
444,type 1,0.21695679408822,3.16220118545164,2
445,type 1,0.0815649357620124,2,1
446,type 1,0.21695679408822,3.16220118545164,2
447,type 1,0.21695679408822,3.16220118545164,2
448,type 1,0.0815649357620124,2,1
449,type 1,0.0815649357620124,2,1
450,type 1,0.42211694589383,4.1457880955608,2
451,type 2,0.517713091661141,5.19222366855109,2
452,type 1,0.0815649357620124,2,1
453,type 1,0.261001822254378,3.33006430996604,2
454,type 4,0,1,0
455,type 1,0.21695679408822,3.16220118545164,2
456,type 1,0.21695679408822,3.16220118545164,2
457,type 1,0.136698050715568,2.21266088331867,1
458,type 1,0.296526354381955,4.14855654050828,3
459,type 1,0.136698050715568,2.21266088331867,1
460,type 3,0.433984604744146,4.64403265543954,3
461,type 4,0,1,0
462,type 1,0.270736167232985,3.33750089880782,2
463,type 1,0.21695679408822,3.16220118545164,2
464,type 1,0.270736167232985,3.33750089880782,2
465,type 1,0.21695679408822,3.16220118545164,2
466,type 3,0.42211694589383,4.1457880955608,2
467,type 3,0.426817568262608,4.15890359535106,2
468,type 3,0.426817568262608,4.15890359535106,2
469,type 1,0.21695679408822,3.16220118545164,2
470,type 1,0.0815649357620124,2,1
471,type 4,0,1,0
472,type 1,0.21695679408822,3.16220118545164,2
473,type 1,0.162488237864537,3,2
474,type 1,0.136698050715568,2.21266088331867,1
475,type 1,0.136698050715568,2.21266088331867,1
476,type 1,0.136698050715568,2.21266088331867,1
477,type 2,0.379731334537302,4.04494740605398,2
478,type 3,0.457641478021406,4.80242262651537,3
479,type 4,0.0815649357620124,2,1
480,type 1,0.136698050715568,2.21266088331867,1
481,type 1,0.0815649357620124,2,1
482,type 1,0.0815649357620124,2,1
483,type 1,0.0815649357620124,2,1
484,type 1,0.136698050715568,2.21266088331867,1
485,type 3,0.530742908708721,6.48570086934808,5
486,type 3,0.681233885192689,6.7988098129246,4
487,type 1,0.21695679408822,3.16220118545164,2
488,type 1,0.136698050715568,2.21266088331867,1
489,type 1,0.443718949722753,4.6528835730218,3
490,type 1,0.162488237864537,3,2
491,type 1,0.261001822254378,3.33006430996604,2
492,type 3,0.392138575424814,3.92806610575836,2
493,type 1,0.0815649357620124,2,1
494,type 1,0.21695679408822,3.16220118545164,2
495,type 1,0.0815649357620124,2,1
496,type 1,0.0815649357620124,2,1
497,type 3,0.314065492438533,3.52006272592806,2
498,type 1,0.21695679408822,3.16220118545164,2
499,type 1,0.136698050715568,2.21266088331867,1
500,type 1,0.0815649357620124,2,1
501,type 1,0.181432261960644,2.44214272944144,1
502,type 1,0.21695679408822,3.16220118545164,2
503,type 1,0.261001822254378,3.33006430996604,2
504,type 3,0.314065492438533,3.52006272592806,2
505,type 1,0.21695679408822,3.16220118545164,2
506,type 1,0.136698050715568,2.21266088331867,1
507,type 1,0.0815649357620124,2,1
508,type 1,0.162488237864537,3,2
509,type 1,0.261001822254378,3.33006430996604,2
510,type 1,0.480450308992709,4.657566249678,2
511,type 1,0.162488237864537,3,2
512,type 1,0.136698050715568,2.21266088331867,1
513,type 3,0.478397942560547,4.83227255426193,3
514,type 1,0.42211694589383,4.1457880955608,2
515,type 1,0.392175003703145,4.46970247487723,3
516,type 4,0.0815649357620124,2,1
517,type 3,0.433984604744146,4.64403265543954,3
518,type 1,0.219155792935046,2.69131448189349,1
519,type 1,0.21695679408822,3.16220118545164,2
520,type 1,0.0815649357620124,2,1
521,type 1,0.181432261960644,2.44214272944144,1
522,type 1,0.0815649357620124,2,1
523,type 1,0.0815649357620124,2,1
524,type 1,0.181432261960644,2.44214272944144,1
525,type 1,0.136698050715568,2.21266088331867,1
526,type 1,0.136698050715568,2.21266088331867,1
527,type 1,0.0815649357620124,2,1
528,type 1,0.136698050715568,2.21266088331867,1
529,type 1,0.0815649357620124,2,1
530,type 1,0.270736167232985,3.33750089880782,2
531,type 1,0.181432261960644,2.44214272944144,1
532,type 1,0.136698050715568,2.21266088331867,1
533,type 1,0.0815649357620124,2,1
534,type 1,0.181432261960644,2.44214272944144,1
535,type 1,0.21695679408822,3.16220118545164,2
536,type 1,0.21695679408822,3.16220118545164,2
537,type 1,0.136698050715568,2.21266088331867,1
538,type 1,0.21695679408822,3.16220118545164,2
539,type 3,0.42211694589383,4.1457880955608,2
540,type 1,0.21695679408822,3.16220118545164,2
541,type 1,0.181432261960644,2.44214272944144,1
542,type 1,0.261001822254378,3.33006430996604,2
543,type 1,0.181432261960644,2.44214272944144,1
544,type 1,0.219155792935046,2.69131448189349,1
545,type 1,0.270736167232985,3.33750089880782,2
546,type 3,0.605151098327707,5.70255873204599,3
547,type 3,0.314065492438533,3.52006272592806,2
548,type 1,0.0815649357620124,2,1
549,type 1,0.136698050715568,2.21266088331867,1
550,type 3,0.356650471575569,3.71937153415147,2
551,type 4,0,1,0
552,type 1,0.136698050715568,2.21266088331867,1
553,type 3,0.392175003703145,4.46970247487723,3
554,type 1,0.136698050715568,2.21266088331867,1
555,type 1,0.162488237864537,3,2
556,type 1,0.270736167232985,3.33750089880782,2
557,type 4,0.136698050715568,2.21266088331867,1
558,type 1,0.0815649357620124,2,1
559,type 1,0.21695679408822,3.16220118545164,2
560,type 1,0.270736167232985,3.33750089880782,2
561,type 4,0,1,0
562,type 4,0,1,0
563,type 1,0.21695679408822,3.16220118545164,2
564,type 1,0.0815649357620124,2,1
565,type 1,0.21695679408822,3.16220118545164,2
566,type 1,0.270736167232985,3.33750089880782,2
567,type 1,0.21695679408822,3.16220118545164,2
568,type 1,0.162488237864537,3,2
569,type 1,0.181432261960644,2.44214272944144,1
570,type 1,0.181432261960644,2.44214272944144,1
571,type 1,0.162488237864537,3,2
572,type 3,0.507765968533758,4.96790637029015,2
573,type 1,0.21695679408822,3.16220118545164,2
574,type 1,0.181432261960644,2.44214272944144,1
575,type 1,0.279279910128661,3.26449981483829,1
576,type 3,0.350328974383813,3.70968898075413,2
577,type 1,0.0815649357620124,2,1
578,type 3,0.42211694589383,4.1457880955608,2
579,type 3,0.554312620221868,5.40472244366954,3
580,type 1,0.270736167232985,3.33750089880782,2
581,type 1,0.296526354381955,4.14855654050828,3
582,type 1,0.219155792935046,2.69131448189349,1
583,type 1,0.136698050715568,2.21266088331867,1
584,type 1,0.0815649357620124,2,1
585,type 4,0.0815649357620124,2,1
586,type 1,0.21695679408822,3.16220118545164,2
587,type 1,0.46866359758194,4.82225379843694,3
588,type 3,0.298009650268171,3.5032381032867,2
589,type 1,0.162488237864537,3,2
590,type 1,0.314065492438533,3.52006272592806,2
591,type 3,0.518552518995529,5.03717754886954,3
592,type 1,0.219155792935046,2.69131448189349,1
593,type 1,0.136698050715568,2.21266088331867,1
594,type 1,0.480450308992709,4.657566249678,2
595,type 1,0.162488237864537,3,2
596,type 1,0.219155792935046,2.69131448189349,1
597,type 1,0.136698050715568,2.21266088331867,1
598,type 1,0.0815649357620124,2,1
599,type 1,0.162488237864537,3,2
600,type 1,0.34959002456611,4.30718150951818,3
601,type 3,0.298009650268171,3.5032381032867,2
602,type 3,0.261001822254378,3.33006430996604,2
603,type 1,0.270736167232985,3.33750089880782,2
604,type 1,0.443718949722753,4.6528835730218,3
605,type 1,0.162488237864537,3,2
606,type 1,0.162488237864537,3,2
607,type 1,0.136698050715568,2.21266088331867,1
608,type 1,0.136698050715568,2.21266088331867,1
609,type 1,0.136698050715568,2.21266088331867,1
610,type 1,0.0815649357620124,2,1
611,type 1,0.136698050715568,2.21266088331867,1
612,type 1,0.0815649357620124,2,1
613,type 1,0.21695679408822,3.16220118545164,2
614,type 3,0.339855679587503,4.30021195470333,3
615,type 1,0.0815649357620124,2,1
616,type 1,0.447503454740376,4.37144823073116,2
617,type 2,0.415722741929312,4.40230919443592,2
618,type 3,0.427663107552391,4.63523570720238,3
619,type 4,0,1,0
620,type 3,0.381116455864281,3.90578465838235,2
621,type 2,0.554428225871649,6.10080064078749,2
622,type 1,0.261001822254378,3.33006430996604,2
623,type 4,0,1,0
624,type 1,0.136698050715568,2.21266088331867,1
625,type 2,0.685075483900481,7.86591881455221,5
626,type 1,0.381116455864281,3.90578465838235,2
627,type 1,0.251462998580061,2.96384033670458,1
628,type 1,0.251462998580061,2.96384033670458,1
629,type 3,0.261001822254378,3.33006430996604,2
630,type 4,0,1,0
631,type 1,0.162488237864537,3,2
632,type 1,0.136698050715568,2.21266088331867,1
633,type 1,0.270736167232985,3.33750089880782,2
634,type 1,0.21695679408822,3.16220118545164,2
635,type 2,0.757281288402422,8.55557869394006,5
636,type 1,0.34959002456611,4.30718150951818,3
637,type 3,0.298009650268171,3.5032381032867,2
638,type 1,0.261001822254378,3.33006430996604,2
639,type 1,0.181432261960644,2.44214272944144,1
640,type 1,0.181432261960644,2.44214272944144,1
641,type 3,0.497796054456388,5.00282604407876,3
642,type 1,0.0815649357620124,2,1
643,type 1,0.181432261960644,2.44214272944144,1
644,type 3,0.350328974383813,3.70968898075413,2
645,type 3,0.350328974383813,3.70968898075413,2
646,type 3,0.484196257020611,4.67630281225958,2
647,type 1,0.270736167232985,3.33750089880782,2
648,type 1,0.162488237864537,3,2
649,type 1,0.0815649357620124,2,1
650,type 1,0.0815649357620124,2,1
651,type 1,0.21695679408822,3.16220118545164,2
652,type 4,0.375614963150836,6.30012372456901,1
653,type 1,0.350328974383813,3.70968898075413,2
654,type 1,0.21695679408822,3.16220118545164,2
655,type 4,0,1,0
656,type 1,0.261001822254378,3.33006430996604,2
657,type 1,0.251462998580061,2.96384033670458,1
658,type 3,0.407348878305394,4.10714216766132,2
659,type 1,0.136698050715568,2.21266088331867,1
660,type 3,0.279279910128661,3.26449981483829,1
661,type 3,0.314065492438533,3.52006272592806,2
662,type 1,0.329572509844673,3.68102522250199,2
663,type 3,0.251462998580061,2.96384033670458,1
664,type 1,0.261001822254378,3.33006430996604,2
665,type 3,0.314065492438533,3.52006272592806,2
666,type 1,0.181432261960644,2.44214272944144,1
667,type 3,0.356650471575569,3.71937153415147,2
668,type 1,0.0815649357620124,2,1
669,type 1,0.0815649357620124,2,1
670,type 1,0.34959002456611,4.30718150951818,3
671,type 4,0.0815649357620124,2,1
672,type 2,0.65507521414742,6.22899515616069,3
673,type 1,0.296526354381955,4.14855654050828,3
674,type 1,0.21695679408822,3.16220118545164,2
675,type 2,0.512524277171969,5.27547917220044,2
676,type 1,0.21695679408822,3.16220118545164,2
677,type 1,0.0815649357620124,2,1
678,type 1,0.181432261960644,2.44214272944144,1
679,type 1,0.376119161532783,4.45414766068238,3
680,type 4,0.136698050715568,2.21266088331867,1
681,type 1,0.181432261960644,2.44214272944144,1
682,type 1,0.0815649357620124,2,1
683,type 4,0.340929858357647,4.41259845382743,1
684,type 3,0.356650471575569,3.71937153415147,2
685,type 1,0.21695679408822,3.16220118545164,2
686,type 1,0.0815649357620124,2,1
687,type 1,0.181432261960644,2.44214272944144,1
688,type 1,0.136698050715568,2.21266088331867,1
689,type 4,0,1,0
690,type 1,0.136698050715568,2.21266088331867,1
691,type 1,0.21695679408822,3.16220118545164,2
692,type 1,0.0815649357620124,2,1
693,type 1,0.0815649357620124,2,1
694,type 1,0.162488237864537,3,2
695,type 1,0.270736167232985,3.33750089880782,2
696,type 1,0.270736167232985,3.33750089880782,2
697,type 3,0.46866359758194,4.82225379843694,3
698,type 1,0.0815649357620124,2,1
699,type 3,0.350328974383813,3.70968898075413,2
700,type 1,0.0815649357620124,2,1
701,type 2,0.542750918624139,5.36055486039397,3
702,type 3,0.457641478021406,4.80242262651537,3
703,type 4,0.0815649357620124,2,1
704,type 3,0.455950025137056,4.40230919443592,2
705,type 2,0.542750918624139,5.36055486039397,3
706,type 1,0.181432261960644,2.44214272944144,1
707,type 1,0.0815649357620124,2,1
708,type 1,0.162488237864537,3,2
709,type 3,0.314065492438533,3.52006272592806,2
710,type 1,0.0815649357620124,2,1
711,type 1,0.21695679408822,3.16220118545164,2
712,type 3,0.518552518995529,5.03717754886954,3
713,type 1,0.0815649357620124,2,1
714,type 2,0.548797001844277,5.66690411425733,2
715,type 1,0.21695679408822,3.16220118545164,2
716,type 1,0.0815649357620124,2,1
717,type 1,0.181432261960644,2.44214272944144,1
718,type 3,0.376119161532783,4.45414766068238,3
719,type 4,0,1,0
720,type 3,0.46866359758194,4.82225379843694,3
721,type 1,0.0815649357620124,2,1
722,type 1,0.0815649357620124,2,1
723,type 3,0.356650471575569,3.71937153415147,2
724,type 4,0.219155792935046,2.69131448189349,1
725,type 1,0.0815649357620124,2,1
726,type 1,0.270736167232985,3.33750089880782,2
727,type 1,0.261001822254378,3.33006430996604,2
728,type 3,0.447503454740376,4.37144823073116,2
729,type 1,0.136698050715568,2.21266088331867,1
730,type 1,0.0815649357620124,2,1
731,type 3,0.46888860739498,4.60277377683762,2
732,type 1,0.136698050715568,2.21266088331867,1
733,type 1,0.162488237864537,3,2
734,type 3,0.314065492438533,3.52006272592806,2
735,type 1,0.21695679408822,3.16220118545164,2
736,type 3,0.42211694589383,4.1457880955608,2
737,type 3,0.426817568262608,4.15890359535106,2
738,type 1,0.0815649357620124,2,1
739,type 1,0.21695679408822,3.16220118545164,2
740,type 2,0.512524277171969,5.72771880594439,3
741,type 1,0.0815649357620124,2,1
742,type 4,0,1,0
743,type 3,0.298009650268171,3.5032381032867,2
744,type 1,0.314065492438533,3.52006272592806,2
745,type 1,0.0815649357620124,2,1
746,type 1,0.270736167232985,3.33750089880782,2
747,type 1,0.296526354381955,4.14855654050828,3
748,type 2,0.500904889304807,4.92246339952898,2
749,type 1,0.0815649357620124,2,1
750,type 1,0.181432261960644,2.44214272944144,1
751,type 1,0.136698050715568,2.21266088331867,1
752,type 1,0.0815649357620124,2,1
753,type 1,0.136698050715568,2.21266088331867,1
754,type 1,0.0815649357620124,2,1
755,type 1,0.136698050715568,2.21266088331867,1
756,type 1,0.339855679587503,4.30021195470333,3
757,type 1,0.0815649357620124,2,1
758,type 1,0.21695679408822,3.16220118545164,2
759,type 2,0.517713091661141,5.19222366855109,2
760,type 3,0.314065492438533,3.52006272592806,2
761,type 3,0.427663107552391,4.63523570720238,3
762,type 1,0.298009650268171,3.5032381032867,2
763,type 1,0.136698050715568,2.21266088331867,1
764,type 1,0.136698050715568,2.21266088331867,1
765,type 1,0.0815649357620124,2,1
766,type 3,0.298009650268171,3.5032381032867,2
767,type 1,0.162488237864537,3,2
768,type 1,0.162488237864537,3,2
769,type 2,0.32365681966673,3.97819562968165,1
770,type 3,0.314065492438533,3.52006272592806,2
771,type 4,0,1,0
772,type 2,0.455950025137056,4.40230919443592,2
773,type 3,0.455950025137056,4.40230919443592,2
774,type 1,0.181432261960644,2.44214272944144,1
775,type 1,0.261001822254378,3.33006430996604,2
776,type 3,0.542750918624139,5.36055486039397,3
777,type 1,0.136698050715568,2.21266088331867,1
778,type 1,0.0815649357620124,2,1
779,type 3,0.261001822254378,3.33006430996604,2
780,type 1,0.0815649357620124,2,1
781,type 1,0.0815649357620124,2,1
782,type 1,0.136698050715568,2.21266088331867,1
783,type 1,0.136698050715568,2.21266088331867,1
784,type 1,0.21695679408822,3.16220118545164,2
785,type 1,0.457641478021406,4.80242262651537,3
786,type 4,0,1,0
787,type 3,0.392175003703145,4.46970247487723,3
788,type 3,0.376119161532783,4.45414766068238,3
789,type 2,0.463794866009501,4.71452213449007,2
790,type 3,0.483027986867953,4.96927348436774,3
791,type 1,0.350328974383813,3.70968898075413,2
792,type 2,0.429620255950891,4.31163883549586,2
793,type 1,0.0815649357620124,2,1
794,type 1,0.181432261960644,2.44214272944144,1
795,type 1,0.136698050715568,2.21266088331867,1
796,type 1,0.181432261960644,2.44214272944144,1
797,type 3,0.356650471575569,3.71937153415147,2
798,type 3,0.381116455864281,3.90578465838235,2
799,type 4,0,1,0
800,type 1,0.21695679408822,3.16220118545164,2
801,type 1,0.443718949722753,4.6528835730218,3
802,type 1,0.0815649357620124,2,1
803,type 1,0.298009650268171,3.5032381032867,2
804,type 2,0.492427102894119,5.19222366855109,2
805,type 2,0.492427102894119,5.19222366855109,2
806,type 1,0.0815649357620124,2,1
807,type 3,0.381116455864281,3.90578465838235,2
808,type 3,0.261001822254378,3.33006430996604,2
809,type 1,0.136698050715568,2.21266088331867,1
810,type 1,0.136698050715568,2.21266088331867,1
811,type 2,0.251462998580061,2.96384033670458,1
812,type 2,0.531155668506185,5.45795722398584,2
813,type 1,0.279279910128661,3.26449981483829,1
814,type 1,0.279279910128661,3.26449981483829,1
815,type 1,0.0815649357620124,2,1
816,type 3,0.350328974383813,3.70968898075413,2
817,type 4,0,1,0
818,type 2,0.522200935881143,5.28982034885674,3
819,type 1,0.162488237864537,3,2
820,type 1,0.136698050715568,2.21266088331867,1
821,type 1,0.21695679408822,3.16220118545164,2
822,type 1,0.162488237864537,3,2
823,type 2,0.564475467872424,6.20577020038903,2
824,type 4,0,1,0
825,type 3,0.427663107552391,4.63523570720238,3
826,type 1,0.181432261960644,2.44214272944144,1
827,type 1,0.392175003703145,4.46970247487723,3
828,type 1,0.298009650268171,3.5032381032867,2
829,type 1,0.162488237864537,3,2
830,type 1,0.296526354381955,4.14855654050828,3
831,type 2,0.548681217067907,5.91132284192378,2
832,type 3,0.447503454740376,4.37144823073116,2
833,type 3,0.42211694589383,4.1457880955608,2
834,type 1,0.0815649357620124,2,1
835,type 1,0.0815649357620124,2,1
836,type 1,0.296526354381955,4.14855654050828,3
837,type 1,0.0815649357620124,2,1
838,type 2,0.573001697825517,6.13644280851783,4
839,type 1,0.314065492438533,3.52006272592806,2
840,type 1,0.181432261960644,2.44214272944144,1
841,type 1,0.0815649357620124,2,1
842,type 1,0.21695679408822,3.16220118545164,2
843,type 4,0.47620016258286,4.90026765341478,2
844,type 1,0.136698050715568,2.21266088331867,1
845,type 3,0.350328974383813,3.70968898075413,2
846,type 2,0.536677583236408,5.43493705671655,3
847,type 1,0.0815649357620124,2,1
848,type 1,0.0815649357620124,2,1
849,type 1,0.219155792935046,2.69131448189349,1
850,type 1,0.21695679408822,3.16220118545164,2
851,type 3,0.298009650268171,3.5032381032867,2
852,type 1,0.242746981237189,4,3
853,type 1,0.296526354381955,4.14855654050828,3
854,type 4,0.181432261960644,2.44214272944144,1
855,type 3,0.376119161532783,4.45414766068238,3
856,type 1,0.21695679408822,3.16220118545164,2
857,type 1,0.136698050715568,2.21266088331867,1
858,type 1,0.219155792935046,2.69131448189349,1
859,type 3,0.350328974383813,3.70968898075413,2
860,type 1,0.0815649357620124,2,1
861,type 2,0.303206312380177,3.59968400642792,1
862,type 1,0.21695679408822,3.16220118545164,2
863,type 2,0,1,0
864,type 1,0.21695679408822,3.16220118545164,2
865,type 1,0.136698050715568,2.21266088331867,1
866,type 1,0.162488237864537,3,2
867,type 1,0.0815649357620124,2,1
868,type 4,0.455950025137056,4.81018096613637,3
869,type 3,0.484196257020611,5.01663184360379,3
870,type 1,0.219155792935046,2.69131448189349,1
871,type 1,0.270736167232985,3.33750089880782,2
872,type 1,0.136698050715568,2.21266088331867,1
873,type 1,0.261001822254378,3.33006430996604,2
874,type 1,0.181432261960644,2.44214272944144,1
875,type 4,0,1,0
876,type 1,0.136698050715568,2.21266088331867,1
877,type 2,0.531155668506185,5.45795722398584,2
878,type 1,0.136698050715568,2.21266088331867,1
879,type 3,0.455950025137056,4.40230919443592,2
880,type 1,0.162488237864537,3,2
881,type 1,0.219155792935046,2.69131448189349,1
882,type 1,0.219155792935046,2.69131448189349,1
883,type 1,0.136698050715568,2.21266088331867,1
884,type 4,0,1,0
885,type 1,0.447463609867521,4.83565857199171,2
886,type 1,0.136698050715568,2.21266088331867,1
887,type 3,0.251462998580061,2.96384033670458,1
888,type 1,0.181432261960644,2.44214272944144,1
889,type 1,0.270736167232985,3.33750089880782,2
890,type 1,0.136698050715568,2.21266088331867,1
891,type 1,0.181432261960644,2.44214272944144,1
892,type 1,0.298009650268171,3.5032381032867,2
893,type 1,0.314065492438533,3.52006272592806,2
894,type 1,0.0815649357620124,2,1
895,type 3,0.298009650268171,3.5032381032867,2
896,type 1,0.314065492438533,3.52006272592806,2
897,type 1,0.21695679408822,3.16220118545164,2
898,type 3,0.381116455864281,3.90578465838235,2
899,type 1,0.0815649357620124,2,1
900,type 1,0.34959002456611,4.30718150951818,3
901,type 1,0.0815649357620124,2,1
902,type 1,0.0815649357620124,2,1
903,type 1,0.162488237864537,3,2
904,type 1,0.0815649357620124,2,1
905,type 1,0.136698050715568,2.21266088331867,1
906,type 1,0.392138575424814,3.92806610575836,2
907,type 1,0.219155792935046,2.69131448189349,1
908,type 1,0.21695679408822,3.16220118545164,2
909,type 1,0.21695679408822,3.16220118545164,2
910,type 1,0.270736167232985,3.33750089880782,2
911,type 1,0.219155792935046,2.69131448189349,1
912,type 1,0.181432261960644,2.44214272944144,1
913,type 1,0.298009650268171,3.5032381032867,2
914,type 1,0.381116455864281,3.90578465838235,2
915,type 1,0.136698050715568,2.21266088331867,1
916,type 4,0.251462998580061,2.96384033670458,1
917,type 2,0.47620016258286,4.90026765341478,2
918,type 4,0,1,0
919,type 1,0.181432261960644,2.44214272944144,1
920,type 1,0.480450308992709,4.657566249678,2
921,type 1,0.181432261960644,2.44214272944144,1
922,type 1,0.136698050715568,2.21266088331867,1
923,type 1,0.181432261960644,2.44214272944144,1
924,type 1,0.136698050715568,2.21266088331867,1
925,type 1,0.136698050715568,2.21266088331867,1
926,type 4,0,1,0
927,type 4,0,1,0
928,type 1,0.181432261960644,2.44214272944144,1
929,type 1,0.136698050715568,2.21266088331867,1
930,type 3,0.381116455864281,3.90578465838235,2
931,type 1,0.21695679408822,3.16220118545164,2
932,type 1,0.0815649357620124,2,1
933,type 1,0.381116455864281,3.90578465838235,2
934,type 1,0.136698050715568,2.21266088331867,1
935,type 2,0.613147192765458,10.3487281542311,2
936,type 1,0.0815649357620124,2,1
937,type 1,0.136698050715568,2.21266088331867,1
938,type 2,0.517713091661141,5.98767325032457,4
939,type 1,0.181432261960644,2.44214272944144,1
940,type 1,0.136698050715568,2.21266088331867,1
941,type 3,0.251462998580061,2.96384033670458,1
942,type 1,0.251462998580061,2.96384033670458,1
943,type 3,0.298009650268171,3.5032381032867,2
944,type 1,0.298009650268171,3.5032381032867,2
945,type 4,0.0815649357620124,2,1
946,type 1,0.407348878305394,4.10714216766132,2
947,type 2,0.32365681966673,3.97819562968165,1
948,type 1,0.427663107552391,4.63523570720238,3
949,type 4,0,1,0
950,type 3,0.392175003703145,4.46970247487723,3
951,type 2,0.379731334537302,4.04494740605398,2
952,type 1,0.298009650268171,3.5032381032867,2
953,type 1,0.0815649357620124,2,1
954,type 3,0.532030683290648,5.19627958101732,3
955,type 1,0.0815649357620124,2,1
956,type 1,0.0815649357620124,2,1
957,type 1,0.251462998580061,2.96384033670458,1
958,type 2,0.415722741929312,4.40230919443592,2
959,type 1,0.298009650268171,3.5032381032867,2
960,type 4,0,1,0
961,type 3,0.392175003703145,4.46970247487723,3
962,type 1,0.136698050715568,2.21266088331867,1
963,type 3,0.350328974383813,3.70968898075413,2
964,type 1,0.0815649357620124,2,1
965,type 3,0.261001822254378,3.33006430996604,2
966,type 1,0.314065492438533,3.52006272592806,2
967,type 1,0.270736167232985,3.33750089880782,2
968,type 1,0.314065492438533,3.52006272592806,2
969,type 1,0.314065492438533,3.52006272592806,2
970,type 4,0,1,0
971,type 4,0.0815649357620124,2,1
972,type 4,0,1,0
973,type 3,0.314065492438533,3.52006272592806,2
974,type 1,0.0815649357620124,2,1
975,type 4,0.303206312380177,3.59968400642792,1
976,type 1,0.181432261960644,2.44214272944144,1
977,type 1,0.136698050715568,2.21266088331867,1
978,type 4,0.136698050715568,2.21266088331867,1
979,type 1,0.136698050715568,2.21266088331867,1
980,type 1,0.136698050715568,2.21266088331867,1
981,type 3,0.392138575424814,3.92806610575836,2
982,type 1,0.162488237864537,3,2
983,type 1,0.181432261960644,2.44214272944144,1
984,type 3,0.350328974383813,3.70968898075413,2
985,type 3,0.455950025137056,4.40230919443592,2
986,type 3,0.392138575424814,3.92806610575836,2
987,type 1,0.136698050715568,2.21266088331867,1
988,type 1,0.0815649357620124,2,1
989,type 1,0.136698050715568,2.21266088331867,1
990,type 1,0.136698050715568,2.21266088331867,1
991,type 1,0.136698050715568,2.21266088331867,1
992,type 1,0.136698050715568,2.21266088331867,1
993,type 1,0.136698050715568,2.21266088331867,1
994,type 1,0.298009650268171,3.5032381032867,2
995,type 1,0.0815649357620124,2,1
996,type 1,0.136698050715568,2.21266088331867,1
997,type 1,0.162488237864537,3,2
998,type 1,0.162488237864537,3,2
999,type 3,0.427663107552391,4.63523570720238,3
1000,type 4,0,1,0
1001,type 4,0.136698050715568,2.21266088331867,1
1002,type 1,0.261001822254378,3.33006430996604,2
1003,type 1,0.219155792935046,2.69131448189349,1
1004,type 4,0.0815649357620124,2,1
1005,type 1,0.21695679408822,3.16220118545164,2
1006,type 4,0,1,0
1007,type 4,0,1,0
1008,type 1,0.136698050715568,2.21266088331867,1
1009,type 2,0.366766730012296,5.53458897820604,1
1010,type 4,0,1,0
1011,type 1,0.21695679408822,3.16220118545164,2
1012,type 4,0,1,0
1013,type 3,0.251462998580061,2.96384033670458,1
1014,type 1,0.162488237864537,3,2
1015,type 1,0.261001822254378,3.33006430996604,2
1016,type 3,0.42211694589383,4.1457880955608,2
1017,type 1,0.484719439752302,4.84236137188552,3
1018,type 3,0.480450308992709,4.657566249678,2
1019,type 4,0,1,0
1020,type 3,0.484719439752302,5.43434767419868,4
1021,type 4,0.385611641059996,8.62205181945638,1
1022,type 3,0.407348878305394,4.10714216766132,2
1023,type 1,0.270736167232985,3.33750089880782,2
1024,type 1,0.21695679408822,3.16220118545164,2
1025,type 1,0.136698050715568,2.21266088331867,1
1026,type 4,0.136698050715568,2.21266088331867,1
1027,type 1,0.0815649357620124,2,1
1028,type 4,0,1,0
1029,type 1,0.270736167232985,3.33750089880782,2
1030,type 1,0.136698050715568,2.21266088331867,1
1031,type 1,0.136698050715568,2.21266088331867,1
1032,type 1,0.270736167232985,3.33750089880782,2
1033,type 3,0.497796054456388,5.00282604407876,3
1034,type 1,0.136698050715568,2.21266088331867,1
1035,type 1,0.0815649357620124,2,1
1036,type 3,0.329572509844673,3.68102522250199,2
1037,type 1,0.242746981237189,4,3
1038,type 3,0.350328974383813,3.70968898075413,2
1039,type 1,0.21695679408822,3.16220118545164,2
1040,type 1,0.21695679408822,3.16220118545164,2
1041,type 2,0.501153051108831,5.06332593536883,2
1042,type 1,0.136698050715568,2.21266088331867,1
1043,type 2,0.485707906806919,5.06332593536883,2
1044,type 1,0.0815649357620124,2,1
1045,type 1,0.136698050715568,2.21266088331867,1
1046,type 1,0.136698050715568,2.21266088331867,1
1047,type 3,0.42211694589383,4.1457880955608,2
1048,type 3,0.392138575424814,3.92806610575836,2
1049,type 3,0.381116455864281,3.90578465838235,2
1050,type 4,0,1,0
1051,type 3,0.433984604744146,4.64403265543954,3
1052,type 1,0.0815649357620124,2,1
1053,type 1,0.270736167232985,3.33750089880782,2
1054,type 1,0.162488237864537,3,2
1055,type 1,0.0815649357620124,2,1
1056,type 1,0.0815649357620124,2,1
1057,type 4,0,1,0
1058,type 1,0.261001822254378,3.33006430996604,2
1059,type 1,0.181432261960644,2.44214272944144,1
1060,type 1,0.261001822254378,3.33006430996604,2
1061,type 1,0.136698050715568,2.21266088331867,1
1062,type 1,0.162488237864537,3,2
1063,type 2,0.486676403753567,4.83565857199171,2
1064,type 3,0.55805856824977,5.41975065290187,3
1065,type 1,0.261001822254378,3.33006430996604,2
1066,type 1,0.21695679408822,3.16220118545164,2
1067,type 1,0.162488237864537,3,2
1068,type 1,0.181432261960644,2.44214272944144,1
1069,type 1,0.136698050715568,2.21266088331867,1
1070,type 1,0.298009650268171,3.5032381032867,2
1071,type 1,0.21695679408822,3.16220118545164,2
1072,type 4,0.279279910128661,3.26449981483829,1
1073,type 2,0,1,0
1074,type 3,0.356614043297238,3.86222829239561,2
1075,type 1,0.181432261960644,2.44214272944144,1
1076,type 1,0.181432261960644,2.44214272944144,1
1077,type 1,0.381116455864281,3.90578465838235,2
1078,type 1,0.0815649357620124,2,1
1079,type 1,0.21695679408822,3.16220118545164,2
1080,type 1,0.443718949722753,4.6528835730218,3
1081,type 1,0.296526354381955,4.14855654050828,3
1082,type 3,0.457641478021406,5.53388334774959,4
1083,type 1,0.136698050715568,2.21266088331867,1
1084,type 1,0.261001822254378,3.33006430996604,2
1085,type 1,0.181432261960644,2.44214272944144,1
1086,type 3,0.392138575424814,3.92806610575836,2
1087,type 1,0.181432261960644,2.44214272944144,1
1088,type 3,0.356650471575569,3.71937153415147,2
1089,type 1,0.392138575424814,3.92806610575836,2
1090,type 4,0.0815649357620124,2,1
1091,type 1,0.136698050715568,2.21266088331867,1
1092,type 1,0.270736167232985,3.33750089880782,2
1093,type 1,0.136698050715568,2.21266088331867,1
1094,type 1,0.136698050715568,2.21266088331867,1
1095,type 2,0.573001697825517,5.68429652565327,3
1096,type 1,0.261001822254378,3.33006430996604,2
1097,type 1,0.219155792935046,2.69131448189349,1
1098,type 1,0.0815649357620124,2,1
1099,type 3,0.457641478021406,4.80242262651537,3
1100,type 1,0.162488237864537,3,2
1101,type 1,0.21695679408822,3.16220118545164,2
1102,type 1,0.162488237864537,3,2
1103,type 3,0.314065492438533,3.52006272592806,2
1104,type 1,0.136698050715568,2.21266088331867,1
1105,type 1,0.0815649357620124,2,1
1106,type 1,0.21695679408822,3.8073549220576,3
1107,type 1,0.0815649357620124,2,1
1108,type 1,0.0815649357620124,2,1
1109,type 3,0.392175003703145,5.72841529080228,5
1110,type 3,0.356650471575569,3.71937153415147,2
1111,type 4,0,1,0
1112,type 1,0.136698050715568,2.21266088331867,1
1113,type 1,0.136698050715568,2.21266088331867,1
1114,type 1,0.136698050715568,2.21266088331867,1
1115,type 1,0.21695679408822,3.16220118545164,2
1116,type 1,0.136698050715568,2.21266088331867,1
1117,type 1,0.136698050715568,2.21266088331867,1
1118,type 1,0.21695679408822,3.16220118545164,2
1119,type 1,0.0815649357620124,2,1
1120,type 1,0.136698050715568,2.21266088331867,1
1121,type 4,0,1,0
1122,type 1,0.21695679408822,3.16220118545164,2
1123,type 4,0,1,0
1124,type 1,0.0815649357620124,2,1
1125,type 1,0.0815649357620124,2,1
1126,type 4,0,1,0
1127,type 1,0.270736167232985,3.33750089880782,2
1128,type 1,0.0815649357620124,2,1
1129,type 1,0.162488237864537,3,2
1130,type 1,0.21695679408822,3.16220118545164,2
1131,type 1,0.181432261960644,2.44214272944144,1
1132,type 1,0.261001822254378,3.33006430996604,2
1133,type 1,0.136698050715568,2.21266088331867,1
1134,type 1,0.0815649357620124,2,1
1135,type 1,0.181432261960644,2.44214272944144,1
1136,type 1,0.181432261960644,2.44214272944144,1
1137,type 3,0.279279910128661,3.26449981483829,1
1138,type 1,0.181432261960644,2.44214272944144,1
1139,type 1,0.21695679408822,3.16220118545164,2
1140,type 1,0.181432261960644,2.44214272944144,1
1141,type 1,0.136698050715568,2.21266088331867,1
1142,type 3,0.427663107552391,4.63523570720238,3
1143,type 2,0.399335928229289,4.22633152287135,2
1144,type 2,0.501153051108831,5.06332593536883,2
1145,type 1,0.21695679408822,3.16220118545164,2
1146,type 1,0.136698050715568,2.21266088331867,1
1147,type 4,0.219155792935046,2.69131448189349,1
1148,type 1,0.136698050715568,2.21266088331867,1
1149,type 3,0.455950025137056,4.40230919443592,2
1150,type 1,0.162488237864537,3,2
1151,type 1,0.136698050715568,2.21266088331867,1
1152,type 1,0.162488237864537,3,2
1153,type 1,0.181432261960644,2.44214272944144,1
1154,type 1,0.136698050715568,2.21266088331867,1
1155,type 1,0.136698050715568,2.21266088331867,1
1156,type 3,0.261001822254378,3.33006430996604,2
1157,type 1,0.181432261960644,2.44214272944144,1
1158,type 1,0.21695679408822,3.16220118545164,2
1159,type 3,0.546798750879084,5.23562824849314,3
1160,type 1,0.181432261960644,2.44214272944144,1
1161,type 1,0.162488237864537,3,2
1162,type 1,0.296526354381955,4.14855654050828,3
1163,type 1,0.181432261960644,2.44214272944144,1
1164,type 3,0.350328974383813,3.70968898075413,2
1165,type 1,0.181432261960644,2.44214272944144,1
1166,type 3,0.532030683290648,5.19627958101732,3
1167,type 1,0.181432261960644,2.44214272944144,1
1168,type 1,0.162488237864537,3,2
1169,type 1,0.0815649357620124,2,1
1170,type 1,0.21695679408822,3.16220118545164,2
1171,type 1,0.162488237864537,3,2
1172,type 1,0.162488237864537,3,2
1173,type 1,0.457641478021406,4.80242262651537,3
1174,type 1,0.314065492438533,4.11453643157578,3
1175,type 3,0.427663107552391,5.26001749363637,4
1176,type 1,0.34959002456611,4.30718150951818,3
1177,type 3,0.314065492438533,3.52006272592806,2
1178,type 1,0.21695679408822,3.16220118545164,2
1179,type 1,0.136698050715568,2.21266088331867,1
1180,type 1,0.136698050715568,2.21266088331867,1
1181,type 3,0.34959002456611,4.30718150951818,3
1182,type 1,0.0815649357620124,2,1
1183,type 3,0.34959002456611,4.30718150951818,3
1184,type 4,0.329572509844673,3.68102522250199,2
1185,type 1,0.181432261960644,2.44214272944144,1
1186,type 1,0.219155792935046,2.69131448189349,1
1187,type 3,0.298009650268171,3.5032381032867,2
1188,type 3,0.447503454740376,4.37144823073116,2
1189,type 1,0.350328974383813,3.70968898075413,2
1190,type 1,0.181432261960644,2.44214272944144,1
1191,type 1,0.136698050715568,2.21266088331867,1
1192,type 2,0.590527246387239,5.92036388388679,3
1193,type 4,0,1,0
1194,type 4,0.0815649357620124,2,1
1195,type 1,0.270736167232985,3.33750089880782,2
1196,type 1,0.270736167232985,3.33750089880782,2
1197,type 2,0.522200935881143,5.28982034885674,3
1198,type 3,0.433984604744146,4.64403265543954,3
1199,type 1,0.433139065454364,4.76355980417792,3
1200,type 3,0.502496676825167,5.01418590624331,3
1201,type 1,0.136698050715568,2.21266088331867,1
1202,type 1,0.162488237864537,3,2
1203,type 1,0.261001822254378,3.33006430996604,2
1204,type 1,0.136698050715568,2.21266088331867,1
1205,type 1,0.136698050715568,2.21266088331867,1
1206,type 1,0.136698050715568,2.21266088331867,1
1207,type 1,0.270736167232985,3.33750089880782,2
1208,type 3,0.339855679587503,4.30021195470333,3
1209,type 1,0.136698050715568,2.21266088331867,1
1210,type 1,0.0815649357620124,2,1
1211,type 1,0.298009650268171,3.5032381032867,2
1212,type 1,0.181432261960644,2.44214272944144,1
1213,type 1,0.181432261960644,2.44214272944144,1
1214,type 3,0.376119161532783,4.45414766068238,3
1215,type 3,0.480450308992709,4.657566249678,2
1216,type 1,0.136698050715568,2.21266088331867,1
1217,type 1,0.136698050715568,2.21266088331867,1
1218,type 3,0.350328974383813,3.70968898075413,2
1219,type 3,0.279279910128661,3.26449981483829,1
1220,type 1,0.136698050715568,2.21266088331867,1
1221,type 3,0.443718949722753,5.26001749363637,4
1222,type 3,0.356650471575569,3.71937153415147,2
1223,type 1,0.181432261960644,2.44214272944144,1
1224,type 1,0.261001822254378,3.33006430996604,2
1225,type 1,0.251462998580061,2.96384033670458,1
1226,type 3,0.392175003703145,4.46970247487723,3
1227,type 1,0.181432261960644,2.44214272944144,1
1228,type 2,0.666132717363202,7.24833568858873,4
1229,type 1,0.314065492438533,3.52006272592806,2
1230,type 1,0.136698050715568,2.21266088331867,1
1231,type 1,0.136698050715568,2.21266088331867,1
1232,type 1,0.162488237864537,3,2
1233,type 1,0.21695679408822,3.16220118545164,2
1234,type 4,0,1,0
1235,type 1,0.261001822254378,3.33006430996604,2
1236,type 1,0.181432261960644,2.44214272944144,1
1237,type 1,0.181432261960644,2.44214272944144,1
1238,type 1,0.181432261960644,2.44214272944144,1
1239,type 1,0.136698050715568,2.21266088331867,1
1240,type 1,0.261001822254378,3.33006430996604,2
1241,type 1,0.21695679408822,3.16220118545164,2
1242,type 1,0.162488237864537,3,2
1243,type 1,0.136698050715568,2.21266088331867,1
1244,type 1,0.0815649357620124,2,1
1245,type 1,0.162488237864537,3,2
1246,type 4,0,1,0
1247,type 1,0.136698050715568,2.21266088331867,1
1248,type 3,0.329572509844673,3.68102522250199,2
1249,type 1,0.261001822254378,3.33006430996604,2
1250,type 1,0.21695679408822,3.16220118545164,2
1251,type 3,0.507765968533758,4.96790637029015,2
1252,type 2,0.543015086689717,7.89267673638882,4
1253,type 1,0.136698050715568,2.21266088331867,1
1254,type 1,0.162488237864537,3,2
1255,type 1,0.136698050715568,2.21266088331867,1
1256,type 1,0.136698050715568,2.21266088331867,1
1257,type 1,0.484719439752302,4.84236137188552,3
1258,type 3,0.478397942560547,5.43434767419868,4
1259,type 2,0.619846066099429,5.8991473979771,3
1260,type 1,0.21695679408822,3.16220118545164,2
1261,type 1,0.21695679408822,3.16220118545164,2
1262,type 1,0.298009650268171,3.5032381032867,2
1263,type 1,0.0815649357620124,2,1
1264,type 1,0.314065492438533,3.52006272592806,2
1265,type 1,0.162488237864537,3,2
1266,type 1,0.21695679408822,3.16220118545164,2
1267,type 3,0.376119161532783,4.45414766068238,3
1268,type 1,0.0815649357620124,2,1
1269,type 1,0.136698050715568,2.21266088331867,1
1270,type 4,0,1,0
1271,type 2,0.589601583250682,7.07570965982466,2
1272,type 2,0.415722741929312,4.40230919443592,2
1273,type 1,0.136698050715568,2.21266088331867,1
1274,type 1,0.162488237864537,3,2
1275,type 1,0.296526354381955,4.14855654050828,3
1276,type 1,0.136698050715568,2.21266088331867,1
1277,type 1,0.21695679408822,3.16220118545164,2
1278,type 1,0.21695679408822,3.16220118545164,2
1279,type 1,0.219155792935046,2.69131448189349,1
1280,type 1,0.181432261960644,2.44214272944144,1
1281,type 1,0.270736167232985,3.33750089880782,2
1282,type 1,0.242746981237189,4,3
1283,type 1,0.181432261960644,2.44214272944144,1
1284,type 1,0.0815649357620124,2,1
1285,type 3,0.339855679587503,4.30021195470333,3
1286,type 1,0.162488237864537,3,2
1287,type 1,0.21695679408822,3.16220118545164,2
1288,type 1,0.0815649357620124,2,1
1289,type 1,0.162488237864537,3,2
1290,type 1,0.136698050715568,2.21266088331867,1
1291,type 4,0.136698050715568,2.21266088331867,1
1292,type 1,0.181432261960644,2.44214272944144,1
1293,type 4,0.0815649357620124,2,1
1294,type 1,0.21695679408822,3.16220118545164,2
1295,type 1,0.261001822254378,3.33006430996604,2
1296,type 1,0.21695679408822,3.16220118545164,2
1297,type 1,0.0815649357620124,2,1
1298,type 1,0.261001822254378,3.95591146256589,3
1299,type 2,0.463794866009501,4.71452213449007,2
1300,type 1,0.136698050715568,2.21266088331867,1
1301,type 1,0.21695679408822,3.16220118545164,2
1302,type 1,0.314065492438533,3.52006272592806,2
1303,type 2,0.518217290043089,5.49733359385442,3
1304,type 4,0.136698050715568,2.21266088331867,1
1305,type 4,0,1,0
1306,type 1,0.136698050715568,2.21266088331867,1
1307,type 1,0.0815649357620124,2,1
1308,type 3,0.329572509844673,3.68102522250199,2
1309,type 4,0.136698050715568,2.21266088331867,1
1310,type 3,0.46888860739498,4.60277377683762,2
1311,type 1,0.136698050715568,2.21266088331867,1
1312,type 4,0,1,0
1313,type 1,0.0815649357620124,2,1
1314,type 1,0.136698050715568,2.21266088331867,1
1315,type 1,0.21695679408822,3.16220118545164,2
1316,type 2,0.696175179633411,8.15222299970885,5
1317,type 1,0.484719439752302,4.84236137188552,3
1318,type 1,0.0815649357620124,2,1
1319,type 1,0.455950025137056,4.40230919443592,2
1320,type 1,0.0815649357620124,2,1
1321,type 1,0.21695679408822,3.16220118545164,2
1322,type 1,0.136698050715568,2.21266088331867,1
1323,type 3,0.46888860739498,4.60277377683762,2
1324,type 1,0.21695679408822,3.16220118545164,2
1325,type 1,0.21695679408822,3.16220118545164,2
1326,type 1,0.392175003703145,4.46970247487723,3
1327,type 1,0.136698050715568,2.21266088331867,1
1328,type 4,0.136698050715568,2.21266088331867,1
1329,type 2,0.517713091661141,5.19222366855109,2
1330,type 4,0.0815649357620124,2,1
1331,type 2,0.512524277171969,6.09749652827732,4
1332,type 1,0.261001822254378,3.33006430996604,2
1333,type 3,0.251462998580061,2.96384033670458,1
1334,type 1,0.21695679408822,3.16220118545164,2
1335,type 1,0.219155792935046,2.69131448189349,1
1336,type 3,0.329572509844673,3.68102522250199,2
1337,type 1,0.162488237864537,3,2
1338,type 1,0.181432261960644,2.44214272944144,1
1339,type 4,0,1,0
1340,type 1,0.261001822254378,3.33006430996604,2
1341,type 3,0.392138575424814,3.92806610575836,2
1342,type 4,0.219155792935046,2.69131448189349,1
1343,type 1,0.261001822254378,3.33006430996604,2
1344,type 1,0.219155792935046,2.69131448189349,1
1345,type 1,0.136698050715568,2.21266088331867,1
1346,type 3,0.500904889304807,4.92246339952898,2
1347,type 3,0.339855679587503,4.30021195470333,3
1348,type 4,0.181432261960644,2.44214272944144,1
1349,type 3,0.426817568262608,4.15890359535106,2
1350,type 1,0.162488237864537,3,2
1351,type 1,0.162488237864537,3,2
1352,type 1,0.136698050715568,2.21266088331867,1
1353,type 3,0.350328974383813,3.70968898075413,2
1354,type 4,0.136698050715568,2.21266088331867,1
1355,type 1,0.0815649357620124,2,1
1356,type 1,0.136698050715568,2.21266088331867,1
1357,type 1,0.21695679408822,3.16220118545164,2
1358,type 1,0.162488237864537,3,2
1359,type 1,0.21695679408822,3.16220118545164,2
1360,type 1,0.21695679408822,3.16220118545164,2
1361,type 3,0.426817568262608,4.15890359535106,2
1362,type 3,0.507530399434995,5.01418590624331,3
1363,type 4,0,1,0
1364,type 4,0,1,0
1365,type 4,0,1,0
1366,type 4,0,1,0
1367,type 4,0,1,0
1368,type 2,0.496430703702065,5.27547917220044,2
1369,type 1,0.181432261960644,2.44214272944144,1
1370,type 4,0,1,0
1371,type 1,0.0815649357620124,2,1
1372,type 4,0,1,0
1373,type 1,0.261001822254378,3.33006430996604,2
1374,type 1,0.181432261960644,2.44214272944144,1
1375,type 3,0.34959002456611,4.95144414463869,4
1376,type 3,0.298009650268171,3.5032381032867,2
